source,count
glibc 2884,2884
ltp 2561,2561
kernel_v4150-1540,1540
posixtest 1235,1234
kernel_v530-907,907
kernel_v4190-821,821
kernel_v550-806,806
kernel_v520-729,729
kernel_v4160-727,727
kernel_v540-537,537
kernel_v5110-536,536
kernel_v560-530,530
kernel_v5100-494,494
kernel_v590-493,493
kernel_v4170-403,403
kernel_v5120-397,397
kernel_v570-394,394
kernel_v4180-393,393
kernel_v4130-387,387
kernel_v4200-373,373
kernel_v580-313,313
kernel_v510-299,299
kernel_v500-289,289
kernel_v5140-186,186
kernel_v4140-184,184
kernel_v5130-177,177
kselftest 170,170
kernel_v5160-107,107
kernel_v5150-90,90
kernel_v5170-4,4
